<?xml version="1.0" encoding="UTF-8" standalone="yes"?>
<addon id="plugin.video.OnePlay" name="[COLOR aquamarine][B]ONE[/COLOR][COLOR white]PLAY[/B][/COLOR]" version="2.9.1" provider-name="Equipe OnePlay"> 

  <requires>
    <import addon="xbmc.python" version="2.1.0"/>
	<import addon="script.module.t0mm0.common" version="2.1.1"/>
    <import addon="script.module.beautifulsoup" version="3.2.1"/>
    <import addon="script.module.simple.downloader" version="1.9.5"/>
    <import addon="script.module.beautifulsoup4" />
    <import addon="script.module.requests" />
    <import addon="script.module.httplib2" />
    <import addon="script.module.urlresolver"/>
    <import addon="script.module.simplejson" />
  </requires>
  
  <extension point="xbmc.python.pluginsource" library="basedem.py">
    <provides>video</provides>
  </extension>
  
  <extension point="xbmc.addon.repository" name="[B][COLOR white]Repositorio[/COLOR]: [COLOR aquamarine]OnePlay[/COLOR][/B]">
	<info compressed="false">http://raw.githubusercontent.com/OnePlayHD/OneRepo/master/addons.xml</info>
	<checksum>http://raw.githubusercontent.com/OnePlayHD/OneRepo/master/addons.xml.md5</checksum>
	<datadir zip="true">http://raw.githubusercontent.com/OnePlayHD/OneRepo/master/ZipFiles/</datadir>
  </extension>
  
  <extension point="xbmc.addon.metadata">
    <summary lang="en">[COLOR aquamarine]ONE[/COLOR]PLAY - É um plugin de vídeo gratuito para o KODI que agrega links de reprodução de vídeos de vários tipos, semelhante a Netflix.
   Levando o lazer e o prazer para vocês assistir e curtir cada momento com a família e amigos.</summary>
    <description lang="en">[B][COLOR white]Repositorio Oficial[/COLOR] - [COLOR aquamarine]ONE[/COLOR]PLAY:[/B]  Instale ou atualize o add-on sem a necessidade de baixar o zip em um pen drive.</description>
     <disclaimer lang="en">O autor nao e de forma alguma afiliado ao Kodi, Team Kodi ou a XBMC Foundation. Este e um recurso sem fins lucrativos, organizado exclusivamente para fins educacionais e protegido pela doutrina de uso justo da Lei de Direitos Autorais, especificamente a secao 107, que promove a liberdade de expressao, permitindo o uso nao licenciado de obras protegidas por direitos autorais.</disclaimer>
	 	<news>V2.9.1 - Correcão de bugs e atualizações dos scripts.</news>
    <platform>all</platform>
	<assets>
       <icon>icon.png</icon>
       <fanart>fanart.jpg</fanart>
       <screenshot>resources/screenshots/1.jpg</screenshot>
       <screenshot>resources/screenshots/2.jpg</screenshot>
       <screenshot>resources/screenshots/3.jpg</screenshot>
    </assets>
  </extension>
</addon>