<?xml version="1.0" encoding="UTF-8" standalone="yes"?>
<addon id="plugin.video.brlive" name="[COLOR white][B]Br[/B][/COLOR][COLOR red][B]Live[/B][/COLOR]" version="1.5.0" provider-name="Mattos">
  <requires>
    <import addon="xbmc.python" version="2.1.0"/>
    <import addon="script.module.beautifulsoup" version="3.2.1"/>
    <import addon="script.module.simple.downloader" version="0.9.4"/>
    <import addon="script.module.beautifulsoup4"/>
    <import addon="script.module.requests"/>
    <import addon="script.module.httplib2"/>
    <import addon="script.module.youtube.dl" optional="true"/>
    <import addon="plugin.video.youtube"/>
    <import addon="script.module.urlresolver" optional="true"/>
    <import addon="script.module.simplejson"/> 
  </requires>
  <extension point="xbmc.python.pluginsource" library="default.py">
        <provides>video</provides>
  </extension>
  <extension point="xbmc.addon.metadata">
    <summary lang="en">TV AO VIVO [COLOR yellow]l[/COLOR] IPTV [COLOR yellow]l[/COLOR]</summary>
    <description lang="en">O autor não é responsável pelo uso deste addon. [B][COLOR white]Br'[/COLOR][/B][COLOR red]Live[/COLOR]
	
O autor não é de forma alguma afiliado à Kodi, à Team Kodi ou à XBMC Foundation. Este é um recurso sem fins lucrativos, organizado exclusivamente para fins educacionais e protegido pela doutrina de uso justo da Lei de Direitos Autorais, especificamente a seção 107, que promove a liberdade de expressão, permitindo o uso não licenciado de obras protegidas por direitos autorais.

[B][COLOR white]Br'[/COLOR][/B][COLOR red]Live[/COLOR] DO MELHOR COM IPTV PARA A SUA CASA [COLOR yellow][B]l[/COLOR][/B]</description>
    <platform>all</platform>
  </extension>
</addon>
