    <addon id="repository.atto.team2.repository" name="[B][COLOR aqua][COLOR fuchsia]ATTO OFFICAL REPOSITORY [COLOR gold]V2.8[/B][/COLOR]" provider-name="[COLOR aqua]Team ATTO[/COLOR]" version="2.8">
        <extension point="xbmc.addon.repository" name="Repository Team Atto">
            <info compressed="true">https://pixelones.sytes.net/complementadores/addons.xml</info>
            <checksum>https://pixelones.sytes.net/complementadores/addons.xml.md5</checksum>
            <datadir zip="true">https://pixelones.sytes.net/complementadores/</datadir>
            <hashes>false</hashes>
        </extension>
        <extension point="xbmc.addon.metadata">
            <summary lang="en">[COLOR aqua]Add-ons multimídia, compilação dos melhores complementos da internet[/COLOR]</summary>
            <description lang="en">[COLOR aqua]Aqui pode encontrar os melhores complementos para Kodi, testado e aprovado pela equipe [COLOR blue]ATTO[/COLOR]. Sinta-se livre para instalar os complementos que você deseja.[COLOR yellow][COLOR blue]ATTO[/COLOR], Os créditos são para cada autor do complemento, [COLOR blue]ATTO[/COLOR] apenas disponibiliza seu conteúdo.[/COLOR]</description>
            <disclaimer lang="en">[COLOR aqua][COLOR blue]ATTO[/COLOR], apenas agrega e organiza os links externos. Não somos responsáveis pelos arquivos aqui encontrados. O autor não hospeda ou possui qualquer conteúdo encontrado dentro deste repositorio, Este é um recurso sem fins lucrativos, organizado exclusivamente para fins educacionais.[/COLOR]</disclaimer>
            <forum></forum>
            <website></website>
            <license>http://www.gnu.org/licenses/</license>
            <platform>all</platform>
            <assets>
                <icon>icon.png</icon>
                <fanart>fanart.jpg</fanart>
            </assets>
        </extension>
    </addon>