<?xml version="1.0" encoding="UTF-8" standalone="yes"?>
<addon id="plugin.program.erasedata" name="Delete Tools" version="1.10" provider-name="Tools Delete">
  <requires>
    <import addon="xbmc.python" version="2.1.0"/>
  </requires>
  <extension point="xbmc.python.pluginsource" library="default.py">
    <provides>executable</provides>
  </extension>
  <extension point="xbmc.service" library="startup.py" start="startup" />
  <extension point="xbmc.addon.metadata">
    <summary lang="en">Delete Tools</summary>
    <description lang="en">Tools cleaning</description>
    <platform>all</platform>
  </extension>
</addon>