<addon id="plugin.video.Live.Tv" 
               name="[COLOR orange][B][COLOR lime] Live[/COLOR] Tv[/COLOR][/B]"
       version="2.7.0" 
       provider-name="Live Tv">
    <requires>
    <import addon="xbmc.python" version="2.1.0"/>
	<import addon="script.module.t0mm0.common" version="2.0.0"/>
    <import addon="script.module.beautifulsoup" version="3.2.1"/>
    <import addon="script.module.simple.downloader" version="0.9.4"/>
    <import addon="script.module.beautifulsoup4"/>
    <import addon="script.module.simple.downloader" version="0.9.4"/>
    <import addon="script.module.requests" />
    <import addon="script.module.httplib2" />
    <import addon="script.module.youtube.dl" optional="true"/>
    <import addon="plugin.video.youtube" version="3.0.0"/>
    <import addon="script.module.urlresolver"/>
    <import addon="script.module.simplejson" /> 
    <import addon="script.common.plugin.cache" version="2.5.2"/>
    <import addon="script.module.metahandler" version="2.5.1"/>
	<import addon="script.module.livestreamer" optional="true"/>
  </requires>
  <extension point="xbmc.python.pluginsource" library="livetv.py">
        <provides>video</provides>
  </extension>
  <extension point="xbmc.addon.metadata">
    <summary lang="en">FILMES [COLOR lime]|[/COLOR] SÉRIES [COLOR lime]|[/COLOR] ANIMES [COLOR lime]|[/COLOR] FILMES MAIS ESPERADOS [COLOR lime]|[/COLOR] COLETÂNEA [COLOR lime]|[/COLOR] TV AO VIVO</summary>
	
	<description lang="en">[COLOR orange][B]Live TV[/B][/COLOR][COLOR lime][B] é Responsável Por Todos Os Conteúdos encontrado neste addon[/B][/COLOR]

MELHOR LISTA DE CANAIS VIA INTERNET  [COLOR orange][B][COLOR lime]LIVE[/COLOR] TV[/B]</description>
	<disclaimer lang="en">O autor não é de forma alguma afiliado à Kodi, à Team Kodi ou à XBMC Foundation. Este é um recurso sem fins lucrativos, organizado exclusivamente para fins educacionais e protegido pela doutrina de uso justo da Lei de Direitos Autorais, especificamente a seção 107, que promove a liberdade de expressão, permitindo o uso não licenciado de obras protegidas por direitos autorais.</disclaimer>
    <platform>all</platform>
	<website/>
        <video_guide></video_guide>
        <reuselanguageinvoker>false</reuselanguageinvoker>
      <assets>
      	<icon>icon.png</icon>
    	<fanart>fanart.jpg</fanart>
        <screenshot>resources/screenshots/01.jpg</screenshot>
        <screenshot>resources/screenshots/02.jpg</screenshot>
        <screenshot>resources/screenshots/03.jpg</screenshot>
      </assets>
  </extension>
  <extension point="xbmc.addon.repository" name="Repositorio [COLOR orange][B]Live [/B][/COLOR][COLOR lime][B]TV[/B][/COLOR]">
		<info compressed="false">https://raw.githubusercontent.com/add-on-tjs/LiveTV/master/plugin.video.Live.Tv/addon.xml/Repo.Live.TV/addons.xml</info>
		<checksum>https://raw.githubusercontent.com/add-on-tjs/LiveTV/master/plugin.video.Live.Tv/addon.xml/Repo.Live.TV/addons.xml.md5</checksum>
		<datadir zip="true">https://raw.githubusercontent.com/add-on-tjs/LiveTV/master/plugin.video.Live.Tv/addon.xml/Repo.Live.TV/ZipFiles</datadir> 
	</extension>
	<extension point="xbmc.addon.metadata">
        <description>[COLOR orange][B][/COLOR][/B] Repositorio de instalacao do addon Live Tv[COLOR orange][B][/COLOR][/B]</description>
		<disclaimer lang="en">O addon que sera instalado não hospeda nem possui nenhum conteúdo. O autor não é responsável pelo uso e pelo conteúdo encontrado usando este addon.</disclaimer>
		<platform>all</platform>
		<website/>
        <video_guide></video_guide>
        <reuselanguageinvoker>false</reuselanguageinvoker>
      <assets>
      	<icon>https://2.bp.blogspot.com/-SIAssJy6nz0/XURJ23PhnWI/AAAAAAAAzmk/wub6jxE2jjkxBoW0EgsHF-9e_uUlmqY6wCLcBGAs/s320/icon%2BTv%2B2.png</icon>
    	<fanart>https://3.bp.blogspot.com/-wKanTLphv5k/XURKxOwbmJI/AAAAAAAAzms/Zgmp8c9beBsE0szCAU2vDDDJzCJ0iMg1gCLcBGAs/s320/fanart%2BTv.jpg</fanart>
        <screenshot>http://oi64.tinypic.com/2emgzdt.jpg</screenshot>
        <screenshot>https://2.bp.blogspot.com/-sB48jZXwPxo/XURLUZWHKcI/AAAAAAAAzm0/ZWfn-j5G4AYVX9SlQoRR--JX2nFgLCZ2wCLcBGAs/s320/fanart%2BFilmes.jpg</screenshot>
        <screenshot>https://3.bp.blogspot.com/-V3lW9NAyo3Q/XURLwYTCNRI/AAAAAAAAzm8/poaOrN4ajdwGPjcAmo_fTGIXbw5yK_lSACLcBGAs/s320/fanart%2BAnime.jpg</screenshot>
      </assets>
	</extension>
</addon>