<?xml version="1.0" encoding="UTF-8" standalone="yes"?>
<addon id="plugin.video.OnePlay"
       name="[COLOR aquamarine][B]One[/COLOR][COLOR white]Play[/B][/COLOR]"
       version="2.8.5"
       provider-name="Equipe OnePlay">
  <requires>
    <import addon="xbmc.python" version="2.1.0"/>
	<import addon="script.module.t0mm0.common" version="2.0.0"/>
    <import addon="script.module.beautifulsoup" version="3.2.1"/>
    <import addon="script.module.simple.downloader" version="0.9.4"/>
    <import addon="script.module.beautifulsoup4"/>
    <import addon="script.module.simple.downloader" version="0.9.4"/>
    <import addon="script.module.requests" />
    <import addon="script.module.httplib2" />
    <import addon="script.module.youtube.dl" optional="true"/>
    <import addon="script.module.urlresolver"/>
    <import addon="script.module.simplejson" /> 
    <import addon="script.common.plugin.cache" version="2.5.2"/>
    <import addon="script.module.metahandler" version="2.5.1"/>
	<import addon="script.module.livestreamer" optional="true"/>
	
  </requires>
  <extension point="xbmc.python.pluginsource" library="basedem.py">
    <provides>video</provides>
  </extension>
    <extension point="xbmc.addon.repository" name="[B][COLOR white]Repositorio[/COLOR]: [COLOR aquamarine]OnePlay[/COLOR][/B]">
	<info compressed="false">http://raw.githubusercontent.com/OnePlayHD/OneRepo/master/addons.xml</info>
	<checksum>http://raw.githubusercontent.com/OnePlayHD/OneRepo/master/addons.xml.md5</checksum>
	<datadir zip="true">http://raw.githubusercontent.com/OnePlayHD/OneRepo/master/ZipFiles/</datadir>
  </extension>
  <extension point="xbmc.addon.metadata">
    <summary lang="en">[COLOR aquamarine]OnePlay[/COLOR] É Apenas um 'AGREGADOR' de links, Apenas agrega e organiza os links externos. Não somos responsáveis pelos arquivos aqui encontrados.</summary>
    <description lang="en">[B][COLOR white]TV, Filmes, Series, Desenhos, Animes, Novelas e Muito Mais.[/COLOR][/B]</description>
    <platform>all</platform>
	<assets>
<icon>icon.png</icon>
<fanart>fanart.jpg</fanart>
<screenshot>resources/screenshots/1.png</screenshot>
<screenshot>resources/screenshots/2.png</screenshot>
<screenshot>resources/screenshots/3.png</screenshot>
</assets>
  </extension>
</addon>
