<?xml version="1.0" encoding="UTF-8" standalone="yes"?>
<addon id="plugin.video.KeltecMP"
       name="[B][COLOR blue]KelTecMP[/COLOR] [COLOR red]IPTV[/COLOR][/B]"
       version="4.0"
       provider-name="Team KelTec Media'Play">
  <requires>
    <import addon="xbmc.python" version="2.1.0"/>
	<import addon="script.module.t0mm0.common" version="2.0.0"/>
    <import addon="script.module.beautifulsoup" version="3.2.1"/>
    <import addon="script.module.simple.downloader" version="0.9.4"/>
    <import addon="script.module.beautifulsoup4" />
    <import addon="script.module.simple.downloader" version="0.9.4"/>
    <import addon="script.module.requests" />
    <import addon="script.module.httplib2" />
    <import addon="script.module.youtube.dl" optional="true"/>
    <import addon="plugin.video.youtube" version="3.0.0"/>
    <import addon="script.module.urlresolver" optional="true"/>
    <import addon="script.module.simplejson" /> 
    <import addon="script.common.plugin.cache" version="2.5.2"/>
    <import addon="script.module.metahandler"/>"2.5.1"/>
  </requires>
  <extension point="xbmc.python.pluginsource" library="default.py">
    <provides>video</provides>
  </extension>
  <extension point="xbmc.addon.repository" name="KelTecMP IPTV Repo">
		<info compressed="false">https://raw.githubusercontent.com/Jhonny-lima/Reposit-rio-KelTec-MP/master/addons.xml</info>
		<checksum>https://raw.githubusercontent.com/Jhonny-lima/Reposit-rio-KelTec-MP/master/addons.xml.md5</checksum>
		<datadir zip="true">https://raw.githubusercontent.com/Jhonny-lima/Reposit-rio-KelTec-MP/master/Plugins</datadir>
	</extension>
  <extension point="xbmc.addon.metadata">
	<summary>TV,Filmes,Series,Desenhos Online - Repositorio Oficial KelTecMP IPTV</summary>
	<description>O criador desse add-on de forma alguma hospeda qualquer conteúdo, apenas reorganizamos; OBS: Conteúdos de fácil acesso, de busca livre na internet; Atualização v3.9:Adionado Repostório ao Add-on de Video,melhoria na Segurança!KelTec Media Play - O Futuro é Agora!</description>
    <platform>all</platform>
  </extension>
</addon>