<?xml version="1.0" encoding="UTF-8" standalone="yes"?>
<addon id="plugin.program.AresVikings" name="[COLOR gold]Ares[/COLOR] [COLOR orange]Vikings Tools Wizard[/COLOR]" version="4.00" provider-name="VikingsTools">
  <requires>
    <import addon="xbmc.python" version="2.1.0"/>
  </requires>
  <extension point="xbmc.python.pluginsource" library="default.py">
    <provides>executable</provides>
  </extension>
  <extension point="xbmc.service" library="startup.py" start="startup" />
  <extension point="xbmc.addon.metadata">
    <summary lang="pt_br"> Ares Wizard Vikings Tools</summary>
    <description lang="pt_br">Bem-vindo e obrigado por fazer o download do nosso assistente.[CR]O Assistente Vikings Wizard permite que você tenha acesso livre a todas as compilações personalizadas para o seu Kodi em seu dispositivo de streaming.[CR]Executar manutenção, Limpar cache, Limpar pacotes, manter seus dados do Trakt e Real Debrid e muito mais.</description>
    <platform>all</platform>
  </extension>
</addon>