<?xml version="1.0" encoding="UTF-8" standalone="yes"?>
<addon id="plugin.video.guiadoluiz" name="Guia do Luiz" version="1.0.0" provider-name="Kodish MC">
  <requires>
    <import addon="xbmc.python" version="2.1.0"/>
  </requires>
  <extension point="xbmc.python.pluginsource" library="default.py">
        <provides>video</provides>
  </extension>
  <extension point="xbmc.addon.metadata">
    <summary lang="en">Guia do Luiz</summary>
    <description lang="en">Lista do Luiz aqui pack de todas listas</description>
    <platform>all</platform>
  </extension>
</addon>
