<?xml version="1.0" encoding="UTF-8" standalone="yes"?>
<addon id="repository.ike" name="Ike.Repo" version="3.0" provider-name="ike">
	<extension point="xbmc.addon.repository" name="ike repo">
		<info compressed="false">https://ike.000webhostapp.com/Plugins/Plugins/addons.xml</info>
		<checksum>https://ike.000webhostapp.com/Plugins/Plugins/addons.xml.md5</checksum>
		<datadir zip="true">https://ike.000webhostapp.com/Plugins/Plugins/</datadir>
	</extension>
	<extension point="xbmc.addon.metadata">
		<summary>Ike Repo.</summary>
		<description>Ike.Repo</description>
		<platform>all</platform>
	</extension>
</addon>

