﻿<?xml version="1.0" encoding="UTF-8" standalone="yes"?>
<addon id="plugin.video.BlurayPlay"
       name="[COLOR red][B]BLURAY[/B][/COLOR] [COLOR white][B]PLAY'S[/B][/COLOR]"
       version="3.1.1"
       provider-name="[B][COLOR yellow]TIO KENNEDY[/COLOR] [COLOR red]BLURAY[/COLOR] [COLOR white]PLAY'S[/B][/COLOR]">
  <requires>
    <import addon="xbmc.python" version="2.1.0"/>
	<import addon="script.module.t0mm0.common" version="2.0.0"/>
    <import addon="script.module.beautifulsoup" version="3.2.1"/>
    <import addon="script.module.simple.downloader" version="0.9.4"/>
    <import addon="script.module.beautifulsoup4" />
    <import addon="script.module.simple.downloader" version="0.9.4"/>
    <import addon="script.module.requests" />
    <import addon="script.module.httplib2" />
    <import addon="script.module.youtube.dl" optional="true"/>
    <import addon="plugin.video.youtube" version="3.0.0"/>
    <import addon="script.module.urlresolver"/>
    <import addon="script.module.simplejson" />
    <import addon="script.common.plugin.cache" version="2.5.2"/>
    <import addon="script.module.metahandler" version="2.5.1"/>
	<import addon="script.module.livestreamer" optional="true"/>
  </requires>
  <extension point="xbmc.python.pluginsource" library="default.py">
    <provides>video</provides>
  </extension>
  <extension point="xbmc.addon.repository" name="Bluray Plays REPO">
    <info compressed="false">http://bluerayplay.com/kodi/repo/addons.xml</info>
    <checksum>http://bluerayplay.com/kodi/repo/addons.xml.md5</checksum>
    <datadir zip="true">http://bluerayplay.com/kodi/repo/addons</datadir>
  </extension>
  <extension point="xbmc.addon.metadata">
    <summary>[B][COLOR gold]FILMES,SERIES EM [COLOR gold]FHD[/COLOR], [COLOR gold]HD[/COLOR], [COLOR gold]SD[/COLOR], [COLOR gold]NOVELAS[/COLOR], [COLOR gold]DOCUMENTARIOS[/COLOR], [COLOR gold]DESENHOS[/COLOR], [COLOR gold]ETC[/COLOR], [COLOR gold]DUBLADOS[/COLOR] e [COLOR gold]Legendados[/COLOR]. O MELHOR ADDON DE FILMES E SERIES PRO SEU KODI!, AQUI VOCÊ ENCONTRA TUDO, GARANTIDO!. Senão ACHA FALA COM NOSSO TEAM[/COLOR][/B]</summary>
    <description lang="en">[B][COLOR gold]BLURAY PLAY'S É Addon Do Kodi, Onde Organizamos Os Conteudos e Upamos Para Nosso Servidor Privado, Então Se Quiser Copiar Deixa Os Creditos, Fela Da Puta... Ateciosamente Team BLURAY PLAY'S[/COLOR][/B]</description>
    <disclaimer lang="en">[B][COLOR white]O autor hospedar o conteúdo exibido por este complemento.[/COLOR][/B] [B][COLOR white]BLURAY PLAY'S[/COLOR][/B] [B][COLOR red]tem nenhuma afiliação com o provedor de conteúdo[/COLOR][/B] [B][COLOR gold]somente é responsável por coletar os melhores filmes da Internet, categorização e otimizá-los, de modo a que esta ao alcance de seus clientes. tão fácil e descomplicada.[/COLOR][/B]</disclaimer>
	<platform>all</platform>
    <assets>
	<icon>icon.png</icon>
    <fanart>fanart.jpg</fanart>
    <screenshot>resources/screenshots/01.jpg</screenshot>
    <screenshot>resources/screenshots/02.jpg</screenshot>
    <screenshot>resources/screenshots/03.jpg</screenshot>
	</assets>
  </extension>
</addon>

