<?xml version="1.0" encoding="UTF-8" standalone="yes"?>
<addon id="plugin.program.AresVikins18" name="[COLOR yellow]Vikings Wizard for Kodi 18[/COLOR]" version="1.01" provider-name="[COLOR yellow]Pio[/COLOR]">
  <requires>
    <import addon="xbmc.python" version="2.1.0"/>
  </requires>
  <extension point="xbmc.python.pluginsource" library="default.py">
        <provides>executable</provides>
  </extension>
  <extension point="xbmc.service" library="startup.py" start="startup" />
  <extension point="xbmc.addon.metadata">
    <summary lang="en">Vikings Wizard for Kody</summary>
    <description lang="en">Insale Build Vikings, faca manutencao!!!.</description>
    <platform>all</platform>
  </extension>
</addon>