<?xml version="1.0" encoding="UTF-8" standalone="yes"?>
<addon id="plugin.video.InovaTV_Linux" name="[COLOR cyan][B]..::[/B][/COLOR] [COLOR white][B]InovaTV Linux[/B][/COLOR] [COLOR cyan][B]::..[/B][/COLOR]" version="2.0" provider-name="Rober DJ">
    <requires>
    </requires>
    <extension point="xbmc.python.pluginsource"
               library="main.py">
        <provides>video</provides>
    </extension>
    <extension point="xbmc.addon.metadata">
        <platform>all</platform>
        <summary>InovaTV Linux</summary>
        <description>O FUTURO CHEGOU InovaTV Linux!!!</description>
    </extension>
</addon>