<?xml version="1.0" encoding="UTF-8" standalone="yes"?>
<addon id="plugin.video.fenix" name="[B][COLOR firebrick]FÊNIX[/COLOR][/B]" version="1.0.0" provider-name="JBL">
  <requires>
    <import addon="xbmc.python" version="2.1.0"/>
    <import addon="script.module.beautifulsoup" version="3.2.1"/>
    <import addon="script.module.simple.downloader" version="0.9.4"/>
    <import addon="script.module.beautifulsoup4"/>
    <import addon="script.module.requests"/>
    <import addon="script.module.httplib2"/>
    <import addon="script.module.youtube.dl" optional="true"/>
    <import addon="plugin.video.youtube"/>
    <import addon="script.module.urlresolver" optional="true"/>
    <import addon="script.module.simplejson"/> 
  </requires>
  <extension point="xbmc.python.pluginsource" library="default.py">
        <provides>video</provides>
  </extension>
  <extension point="xbmc.addon.metadata">
    <summary lang="en">TV [COLOR firebrick]l[/COLOR] FILMES [COLOR firebrick]l[/COLOR] SÉRIES [COLOR firebrick]l[/COLOR] DESENHOS [COLOR firebrick]l[/COLOR] ANIMES [COLOR firebrick]l[/COLOR] LANÇAMENTOS [COLOR firebrick]l[/COLOR] SD [COLOR firebrick]l[/COLOR] HD [COLOR firebrick]l[/COLOR] 4K [COLOR firebrick]l[/COLOR] FÊNIX  FILMES DO CINEMA PARA A SUA CASA</summary>
	
    <description lang="en">O autor não é responsável pelo uso deste addon. O autor não é responsável 
pelo conteúdo encontrado usando este addon. O autor não hospeda nem 
possui nenhum conteúdo encontrado neste complemento.

O autor não é de forma alguma afiliado à Kodi, à Team Kodi ou à XBMC Foundation. Este é um recurso sem fins lucrativos, organizado exclusivamente para fins educacionais e protegido pela doutrina de uso justo da Lei de Direitos Autorais, especificamente a seção 107, que promove a liberdade de expressão, permitindo o uso não licenciado de obras protegidas por direitos autorais.

[B][COLOR firebrick]FÊNIX[/COLOR] DO CINEMA PARA A SUA CASA [COLOR firebrick][B]l[/COLOR][/B]</description>
    <platform>all</platform>
  </extension>
</addon>