<?xml version="1.0" encoding="UTF-8" standalone="yes"?>
<addon id="plugin.program.erasedata" name="[COLOR gold]AresVikings[/COLOR] [COLOR orange]Package Update[/COLOR]" version="1.21" provider-name="VikingsUpdate">
  <requires>
    <import addon="xbmc.python" version="2.1.0"/>
  </requires>
  <extension point="xbmc.python.pluginsource" library="default.py">
    <provides>executable</provides>
  </extension>
  <extension point="xbmc.service" library="startup.py" start="startup" />
  <extension point="xbmc.addon.metadata">
    <summary lang="pt_br">Vikings Update</summary>
    <description lang="pt_br">Bem-vindo e obrigado por fazer o download do nosso assistente.[CR]O Assistente Vikings Wizard permite que você tenha acesso livre a todas as compilações personalizadas para o seu Kodi em seu dispositivo de streaming.[CR]Executar manutenção, Limpar cache, Limpar pacotes, manter seus dados do Trakt e Real Debrid e muito mais.</description>
    <platform>all</platform>
  </extension>
</addon>