<?xml version="1.0" encoding="UTF-8" standalone="yes"?>
<addon id="plugin.video.KelTec-MP.torrents" name="[B][COLOR dimgrey]KelTec-MP[COLOR white] - [/COLOR][COLOR crimson]TORRENTS![/COLOR][/B]" version="1.3" provider-name="[COLOR crimson]Team - KelTec-MP[/COLOR]">
    <requires>
        <import addon="xbmc.python" version="2.1.0" />
        <import addon="ElementumKTMP.repository" optional="false" />
    </requires>
    <extension point="xbmc.python.pluginsource" library="YaP.py">
        <provides>video</provides>
    </extension>
    <extension point="xbmc.addon.metadata">
        <summary lang="en">[COLOR crimson]Filmes Torrent - Series Torrent - [COLOR gold] (Dual-Audio) 1080P - 720P[/COLOR]</summary>
        <description lang="en">[COLOR gold][B]KelTec-MP[COLOR white] - [/COLOR]TORRENTS![/B][/COLOR][COLOR crimson], oferece Filmes e Series, de qualidade 4K, H265 - 7.1, H264 - 5.1, 3D, 1080P e 720P e WEB-RIP, disponíveis para download via torrent, links totalmente funcionais e constantemente
            atualizados.[/COLOR],</description>
        <disclaimer lang="en">[COLOR darkgrey][B] KelTec-MP[/B][/COLOR][COLOR crimson]O autor não é de forma alguma afiliado à Kodi, à Team Kodi ou à XBMC Foundation. Este é um recurso sem fins lucrativos, organizado exclusivamente para fins educacionais e protegido pela doutrina de uso justo da Lei de Direitos Autorais, especificamente a seção 107, que promove a liberdade de expressão, permitindo o uso não licenciado de obras protegidas por direitos autorais; nao tem nenhuma afiliação com o provedor de conteúdo.[COLOR darkgrey][B] KelTec-MP.TV [/B][/COLOR]Os creditos para a pagina: http://www.megatorrentshd.com[/COLOR]</disclaimer>
        <website>https://keltec-mediaplay.ga/</website>
        <forum>http://keltecmp-iptv.directorioforuns.com/forum</forum>
        <license>GNU GENERAL PUBLIC LICENSE. Version 3.</license>
        <platform>all</platform>
    </extension>
</addon>